日期,最高气温
2011-01-01,0
2011-01-02,-2
2011-01-03,1
2011-01-04,-1
2011-01-05,-1
2011-01-06,0
2011-01-07,1
2011-01-08,1
2011-01-09,-1
2011-01-10,-1
2011-01-11,-1
2011-01-12,0
2011-01-13,1
2011-01-14,-1
2011-01-15,3
2011-01-16,-1
2011-01-17,-1
2011-01-18,-1
2011-01-19,0
2011-01-20,0
2011-01-21,1
2011-01-22,0
2011-01-23,-1
2011-01-24,0
2011-01-25,0
2011-01-26,0
2011-01-27,2
2011-01-28,4
2011-01-29,-1
2011-01-30,3
2011-01-31,4
2011-02-01,4
2011-02-02,9
2011-02-03,0
2011-02-04,2
2011-02-05,1
2011-02-06,9
2011-02-07,8
2011-02-08,-2
2011-02-09,0
2011-02-10,0
2011-02-11,1
2011-02-12,-3
2011-02-13,10
2011-02-14,1
2011-02-15,4
2011-02-16,5
2011-02-17,9
2011-02-18,3
2011-02-19,10
2011-02-20,10
2011-02-21,10
2011-02-22,9
2011-02-23,9
2011-02-24,10
2011-02-25,7
2011-02-26,2
2011-02-27,2
2011-02-28,6
2011-03-01,5
2011-03-02,6
2011-03-03,9
2011-03-04,11
2011-03-05,13
2011-03-06,10
2011-03-07,10
2011-03-08,10
2011-03-09,11
2011-03-10,15
2011-03-11,17
2011-03-12,19
2011-03-13,17
2011-03-14,9
2011-03-15,9
2011-03-16,13
2011-03-17,16
2011-03-18,14
2011-03-19,13
2011-03-20,11
2011-03-21,8
2011-03-22,10
2011-03-23,11
2011-03-24,12
2011-03-25,12
2011-03-26,15
2011-03-27,16
2011-03-28,17
2011-03-29,19
2011-03-30,22
2011-03-31,22
2011-04-01,10
2011-04-02,13
2011-04-03,16
2011-04-04,20
2011-04-05,19
2011-04-06,19
2011-04-07,19
2011-04-08,20
2011-04-09,21
2011-04-10,16
2011-04-11,22
2011-04-12,26
2011-04-13,26
2011-04-14,28
2011-04-15,25
2011-04-16,25
2011-04-17,19
2011-04-18,21
2011-04-19,24
2011-04-20,25
2011-04-21,17
2011-04-22,20
2011-04-23,18
2011-04-24,22
2011-04-25,18
2011-04-26,17
2011-04-27,23
2011-04-28,24
2011-04-29,22
2011-04-30,21
2011-05-01,25
2011-05-02,25
2011-05-03,24
2011-05-04,19
2011-05-05,23
2011-05-06,26
2011-05-07,26
2011-05-08,19
2011-05-09,26
2011-05-10,26
2011-05-11,28
2011-05-12,23
2011-05-13,27
2011-05-14,30
2011-05-15,26
2011-05-16,28
2011-05-17,29
2011-05-18,31
2011-05-19,25
2011-05-20,23
2011-05-21,26
2011-05-22,29
2011-05-23,31
2011-05-24,28
2011-05-25,27
2011-05-26,28
2011-05-27,29
2011-05-28,33
2011-05-29,28
2011-05-30,30
2011-05-31,29
2011-06-01,32
2011-06-02,35
2011-06-03,33
2011-06-04,31
2011-06-05,33
2011-06-06,33
2011-06-07,36
2011-06-08,34
2011-06-09,34
2011-06-10,31
2011-06-11,29
2011-06-12,35
2011-06-13,35
2011-06-14,33
2011-06-15,32
2011-06-16,27
2011-06-17,29
2011-06-18,33
2011-06-19,34
2011-06-20,34
2011-06-21,34
2011-06-22,32
2011-06-23,28
2011-06-24,26
2011-06-25,29
2011-06-26,32
2011-06-27,32
2011-06-28,32
2011-06-29,32
2011-06-30,31
2011-07-01,29
2011-07-02,28
2011-07-03,33
2011-07-04,35
2011-07-05,35
2011-07-06,32
2011-07-07,33
2011-07-08,33
2011-07-09,35
2011-07-10,34
2011-07-11,33
2011-07-12,31
2011-07-13,32
2011-07-14,32
2011-07-15,32
2011-07-16,31
2011-07-17,30
2011-07-18,28
2011-07-19,29
2011-07-20,29
2011-07-21,29
2011-07-22,32
2011-07-23,34
2011-07-24,31
2011-07-25,30
2011-07-26,35
2011-07-27,33
2011-07-28,32
2011-07-29,30
2011-07-30,33
2011-07-31,35
2011-08-01,35
2011-08-02,32
2011-08-03,34
2011-08-04,33
2011-08-05,31
2011-08-06,31
2011-08-07,32
2011-08-08,34
2011-08-09,35
2011-08-10,32
2011-08-11,33
2011-08-12,33
2011-08-13,33
2011-08-14,30
2011-08-15,27
2011-08-16,32
2011-08-17,31
2011-08-18,29
2011-08-19,30
2011-08-20,31
2011-08-21,31
2011-08-22,30
2011-08-23,30
2011-08-24,29
2011-08-25,27
2011-08-26,28
2011-08-27,28
2011-08-28,30
2011-08-29,32
2011-08-30,31
2011-08-31,31
2011-09-01,28
2011-09-02,29
2011-09-03,26
2011-09-04,29
2011-09-05,30
2011-09-06,29
2011-09-07,26
2011-09-08,24
2011-09-09,24
2011-09-10,19
2011-09-11,25
2011-09-12,24
2011-09-13,24
2011-09-14,24
2011-09-15,25
2011-09-16,21
2011-09-17,20
2011-09-18,21
2011-09-19,22
2011-09-20,24
2011-09-21,27
2011-09-22,28
2011-09-23,28
2011-09-24,28
2011-09-25,27
2011-09-26,26
2011-09-27,25
2011-09-28,22
2011-09-29,22
2011-09-30,21
2011-10-01,21
2011-10-02,21
2011-10-03,21
2011-10-04,21
2011-10-05,25
2011-10-06,24
2011-10-07,25
2011-10-08,24
2011-10-09,23
2011-10-10,22
2011-10-11,21
2011-10-12,20
2011-10-13,20
2011-10-14,19
2011-10-15,20
2011-10-16,22
2011-10-17,20
2011-10-18,21
2011-10-19,19
2011-10-20,20
2011-10-21,17
2011-10-22,20
2011-10-23,16
2011-10-24,15
2011-10-25,16
2011-10-26,13
2011-10-27,16
2011-10-28,16
2011-10-29,18
2011-10-30,17
2011-10-31,15
2011-11-01,15
2011-11-02,16
2011-11-03,14
2011-11-04,14
2011-11-05,16
2011-11-06,15
2011-11-07,13
2011-11-08,13
2011-11-09,14
2011-11-10,16
2011-11-11,14
2011-11-12,15
2011-11-13,12
2011-11-14,13
2011-11-15,12
2011-11-16,10
2011-11-17,8
2011-11-18,12
2011-11-19,9
2011-11-20,9
2011-11-21,9
2011-11-22,10
2011-11-23,7
2011-11-24,8
2011-11-25,6
2011-11-26,9
2011-11-27,7
2011-11-28,5
2011-11-29,4
2011-11-30,5
2011-12-01,4
2011-12-02,4
2011-12-03,4
2011-12-04,5
2011-12-05,2
2011-12-06,1
2011-12-07,4
2011-12-08,0
2011-12-09,1
2011-12-10,5
2011-12-11,7
2011-12-12,7
2011-12-13,5
2011-12-14,2
2011-12-15,0
2011-12-16,1
2011-12-17,3
2011-12-18,2
2011-12-19,2
2011-12-20,2
2011-12-21,2
2011-12-22,2
2011-12-23,3
2011-12-24,3
2011-12-25,4
2011-12-26,2
2011-12-27,3
2011-12-28,5
2011-12-29,-2
2011-12-30,1
2011-12-31,4
2012-01-01,1
2012-01-02,2
2012-01-03,1
2012-01-04,1
2012-01-05,2
2012-01-06,0
2012-01-07,-1
2012-01-08,2
2012-01-09,2
2012-01-10,3
2012-01-11,2
2012-01-12,3
2012-01-13,4
2012-01-14,4
2012-01-15,3
2012-01-16,2
2012-01-17,2
2012-01-18,2
2012-01-19,0
2012-01-20,-1
2012-01-21,-3
2012-01-22,-4
2012-01-23,-1
2012-01-24,0
2012-01-25,1
2012-01-26,2
2012-01-27,2
2012-01-28,-1
2012-01-29,-1
2012-01-30,-2
2012-01-31,0
2012-02-01,-3
2012-02-02,-1
2012-02-03,2
2012-02-04,3
2012-02-05,3
2012-02-06,-3
2012-02-07,-1
2012-02-08,2
2012-02-09,4
2012-02-10,3
2012-02-11,5
2012-02-12,5
2012-02-13,5
2012-02-14,4
2012-02-15,4
2012-02-16,2
2012-02-17,2
2012-02-18,4
2012-02-19,6
2012-02-20,8
2012-02-21,5
2012-02-22,7
2012-02-23,5
2012-02-24,5
2012-02-25,4
2012-02-26,6
2012-02-27,7
2012-02-28,6
2012-02-29,8
2012-03-01,3
2012-03-02,5
2012-03-03,4
2012-03-04,5
2012-03-05,5
2012-03-06,10
2012-03-07,10
2012-03-08,6
2012-03-09,6
2012-03-10,6
2012-03-11,6
2012-03-12,9
2012-03-13,13
2012-03-14,13
2012-03-15,10
2012-03-16,14
2012-03-17,12
2012-03-18,6
2012-03-19,7
2012-03-20,12
2012-03-21,12
2012-03-22,7
2012-03-23,12
2012-03-24,14
2012-03-25,15
2012-03-26,15
2012-03-27,20
2012-03-28,20
2012-03-29,19
2012-03-30,13
2012-03-31,17
2012-04-01,12
2012-04-02,11
2012-04-03,18
2012-04-04,19
2012-04-05,17
2012-04-06,20
2012-04-07,24
2012-04-08,22
2012-04-09,25
2012-04-10,20
2012-04-11,20
2012-04-12,23
2012-04-13,26
2012-04-14,28
2012-04-15,27
2012-04-16,23
2012-04-17,28
2012-04-18,24
2012-04-19,22
2012-04-20,23
2012-04-21,18
2012-04-22,19
2012-04-23,25
2012-04-24,19
2012-04-25,21
2012-04-26,24
2012-04-27,23
2012-04-28,22
2012-04-29,21
2012-04-30,24
2012-05-01,22
2012-05-02,30
2012-05-03,31
2012-05-04,32
2012-05-05,31
2012-05-06,31
2012-05-07,25
2012-05-08,30
2012-05-09,29
2012-05-10,30
2012-05-11,23
2012-05-12,25
2012-05-13,26
2012-05-14,25
2012-05-15,27
2012-05-16,27
2012-05-17,30
2012-05-18,32
2012-05-19,30
2012-05-20,27
2012-05-21,28
2012-05-22,27
2012-05-23,28
2012-05-24,29
2012-05-25,28
2012-05-26,33
2012-05-27,34
2012-05-28,33
2012-05-29,27
2012-05-30,27
2012-05-31,27
2012-06-01,24
2012-06-02,28
2012-06-03,25
2012-06-04,32
2012-06-05,32
2012-06-06,31
2012-06-07,32
2012-06-08,33
2012-06-09,32
2012-06-10,29
2012-06-11,32
2012-06-12,29
2012-06-13,26
2012-06-14,27
2012-06-15,29
2012-06-16,34
2012-06-17,38
2012-06-18,37
2012-06-19,33
2012-06-20,32
2012-06-21,32
2012-06-22,31
2012-06-23,30
2012-06-24,26
2012-06-25,28
2012-06-26,26
2012-06-27,27
2012-06-28,25
2012-06-29,26
2012-06-30,33
2012-07-01,35
2012-07-02,35
2012-07-03,35
2012-07-04,30
2012-07-05,31
2012-07-06,32
2012-07-07,28
2012-07-08,30
2012-07-09,30
2012-07-10,31
2012-07-11,34
2012-07-12,32
2012-07-13,30
2012-07-14,31
2012-07-15,33
2012-07-16,34
2012-07-17,34
2012-07-18,32
2012-07-19,32
2012-07-20,33
2012-07-21,30
2012-07-22,33
2012-07-23,33
2012-07-24,30
2012-07-25,29
2012-07-26,28
2012-07-27,28
2012-07-28,27
2012-07-29,34
2012-07-30,31
2012-07-31,25
2012-08-01,24
2012-08-02,29
2012-08-03,28
2012-08-04,32
2012-08-05,31
2012-08-06,32
2012-08-07,32
2012-08-08,29
2012-08-09,34
2012-08-10,33
2012-08-11,29
2012-08-12,28
2012-08-13,30
2012-08-14,27
2012-08-15,31
2012-08-16,31
2012-08-17,29
2012-08-18,28
2012-08-19,31
2012-08-20,30
2012-08-21,29
2012-08-22,28
2012-08-23,30
2012-08-24,29
2012-08-25,30
2012-08-26,29
2012-08-27,27
2012-08-28,33
2012-08-29,34
2012-08-30,34
2012-08-31,31
2012-09-01,29
2012-09-02,26
2012-09-03,26
2012-09-04,26
2012-09-05,27
2012-09-06,24
2012-09-07,25
2012-09-08,27
2012-09-09,29
2012-09-10,27
2012-09-11,25
2012-09-12,24
2012-09-13,24
2012-09-14,25
2012-09-15,26
2012-09-16,27
2012-09-17,28
2012-09-18,29
2012-09-19,28
2012-09-20,29
2012-09-21,25
2012-09-22,26
2012-09-23,28
2012-09-24,26
2012-09-25,22
2012-09-26,26
2012-09-27,23
2012-09-28,22
2012-09-29,25
2012-09-30,25
2012-10-01,27
2012-10-02,25
2012-10-03,26
2012-10-04,24
2012-10-05,24
2012-10-06,25
2012-10-07,25
2012-10-08,25
2012-10-09,23
2012-10-10,22
2012-10-11,22
2012-10-12,24
2012-10-13,20
2012-10-14,18
2012-10-15,17
2012-10-16,17
2012-10-17,18
2012-10-18,20
2012-10-19,20
2012-10-20,21
2012-10-21,14
2012-10-22,18
2012-10-23,21
2012-10-24,22
2012-10-25,21
2012-10-26,18
2012-10-27,23
2012-10-28,17
2012-10-29,15
2012-10-30,13
2012-10-31,14
2012-11-01,15
2012-11-02,15
2012-11-03,10
2012-11-04,4
2012-11-05,10
2012-11-06,12
2012-11-07,12
2012-11-08,12
2012-11-09,10
2012-11-10,4
2012-11-11,6
2012-11-12,8
2012-11-13,7
2012-11-14,10
2012-11-15,7
2012-11-16,11
2012-11-17,10
2012-11-18,11
2012-11-19,10
2012-11-20,10
2012-11-21,9
2012-11-22,8
2012-11-23,6
2012-11-24,7
2012-11-25,8
2012-11-26,6
2012-11-27,6
2012-11-28,5
2012-11-29,4
2012-11-30,3
2012-12-01,1
2012-12-02,2
2012-12-03,3
2012-12-04,1
2012-12-05,-1
2012-12-06,-1
2012-12-07,-1
2012-12-08,-3
2012-12-09,2
2012-12-10,0
2012-12-11,0
2012-12-12,2
2012-12-13,1
2012-12-14,1
2012-12-15,2
2012-12-16,2
2012-12-17,-1
2012-12-18,0
2012-12-19,-1
2012-12-20,-2
2012-12-21,1
2012-12-22,6
2012-12-23,-5
2012-12-24,-2
2012-12-25,-2
2012-12-26,-2
2012-12-27,-3
2012-12-28,-4
2012-12-29,-4
2012-12-30,-2
2012-12-31,-3
2013-01-01,-3
2013-01-02,-6
2013-01-03,-4
2013-01-04,-1
2013-01-05,-2
2013-01-06,-1
2013-01-07,0
2013-01-08,-1
2013-01-09,0
2013-01-10,0
2013-01-11,4
2013-01-12,2
2013-01-13,2
2013-01-14,0
2013-01-15,1
2013-01-16,1
2013-01-17,2
2013-01-18,3
2013-01-19,2
2013-01-20,-2
2013-01-21,3
2013-01-22,2
2013-01-23,1
2013-01-24,3
2013-01-25,-1
2013-01-26,1
2013-01-27,2
2013-01-28,4
2013-01-29,3
2013-01-30,0
2013-01-31,0
2013-02-01,4
2013-02-02,2
2013-02-03,0
2013-02-04,2
2013-02-05,2
2013-02-06,2
2013-02-07,-3
2013-02-08,-2
2013-02-09,0
2013-02-10,-1
2013-02-11,-1
2013-02-12,2
2013-02-13,6
2013-02-14,4
2013-02-15,4
2013-02-16,4
2013-02-17,7
2013-02-18,3
2013-02-19,2
2013-02-20,5
2013-02-21,6
2013-02-22,7
2013-02-23,9
2013-02-24,6
2013-02-25,1
2013-02-26,9
2013-02-27,11
2013-02-28,14
2013-03-01,7
2013-03-02,7
2013-03-03,13
2013-03-04,15
2013-03-05,16
2013-03-06,15
2013-03-07,16
2013-03-08,19
2013-03-09,16
2013-03-10,10
2013-03-11,13
2013-03-12,9
2013-03-13,9
2013-03-14,11
2013-03-15,13
2013-03-16,14
2013-03-17,19
2013-03-18,11
2013-03-19,4
2013-03-20,8
2013-03-21,14
2013-03-22,11
2013-03-23,13
2013-03-24,11
2013-03-25,11
2013-03-26,15
2013-03-27,17
2013-03-28,11
2013-03-29,11
2013-03-30,10
2013-03-31,13
2013-04-01,16
2013-04-02,19
2013-04-03,16
2013-04-04,13
2013-04-05,13
2013-04-06,14
2013-04-07,15
2013-04-08,13
2013-04-09,13
2013-04-10,14
2013-04-11,17
2013-04-12,22
2013-04-13,23
2013-04-14,16
2013-04-15,20
2013-04-16,20
2013-04-17,18
2013-04-18,15
2013-04-19,8
2013-04-20,16
2013-04-21,18
2013-04-22,19
2013-04-23,17
2013-04-24,23
2013-04-25,23
2013-04-26,23
2013-04-27,22
2013-04-28,19
2013-04-29,27
2013-04-30,27
2013-05-01,25
2013-05-02,23
2013-05-03,23
2013-05-04,27
2013-05-05,30
2013-05-06,30
2013-05-07,30
2013-05-08,26
2013-05-09,22
2013-05-10,30
2013-05-11,33
2013-05-12,30
2013-05-13,28
2013-05-14,30
2013-05-15,29
2013-05-16,25
2013-05-17,26
2013-05-18,29
2013-05-19,27
2013-05-20,31
2013-05-21,31
2013-05-22,28
2013-05-23,29
2013-05-24,28
2013-05-25,28
2013-05-26,23
2013-05-27,26
2013-05-28,24
2013-05-29,30
2013-05-30,33
2013-05-31,32
2013-06-01,30
2013-06-02,29
2013-06-03,32
2013-06-04,29
2013-06-05,28
2013-06-06,23
2013-06-07,24
2013-06-08,23
2013-06-09,21
2013-06-10,25
2013-06-11,26
2013-06-12,29
2013-06-13,30
2013-06-14,30
2013-06-15,33
2013-06-16,29
2013-06-17,29
2013-06-18,33
2013-06-19,34
2013-06-20,32
2013-06-21,30
2013-06-22,25
2013-06-23,30
2013-06-24,31
2013-06-25,29
2013-06-26,29
2013-06-27,34
2013-06-28,33
2013-06-29,30
2013-06-30,28
2013-07-01,28
2013-07-02,34
2013-07-03,36
2013-07-04,35
2013-07-05,35
2013-07-06,35
2013-07-07,33
2013-07-08,31
2013-07-09,26
2013-07-10,27
2013-07-11,27
2013-07-12,31
2013-07-13,30
2013-07-14,30
2013-07-15,26
2013-07-16,34
2013-07-17,33
2013-07-18,28
2013-07-19,30
2013-07-20,31
2013-07-21,32
2013-07-22,31
2013-07-23,31
2013-07-24,36
2013-07-25,34
2013-07-26,29
2013-07-27,28
2013-07-28,37
2013-07-29,33
2013-07-30,31
2013-07-31,28
2013-08-01,30
2013-08-02,31
2013-08-03,33
2013-08-04,34
2013-08-05,30
2013-08-06,29
2013-08-07,34
2013-08-08,36
2013-08-09,35
2013-08-10,31
2013-08-11,29
2013-08-12,30
2013-08-13,32
2013-08-14,33
2013-08-15,33
2013-08-16,33
2013-08-17,36
2013-08-18,35
2013-08-19,33
2013-08-20,30
2013-08-21,29
2013-08-22,29
2013-08-23,32
2013-08-24,33
2013-08-25,34
2013-08-26,35
2013-08-27,28
2013-08-28,28
2013-08-29,29
2013-08-30,26
2013-08-31,30
2013-09-01,30
2013-09-02,27
2013-09-03,27
2013-09-04,23
2013-09-05,25
2013-09-06,28
2013-09-07,29
2013-09-08,26
2013-09-09,26
2013-09-10,28
2013-09-11,28
2013-09-12,27
2013-09-13,28
2013-09-14,31
2013-09-15,27
2013-09-16,25
2013-09-17,24
2013-09-18,24
2013-09-19,26
2013-09-20,27
2013-09-21,27
2013-09-22,24
2013-09-23,22
2013-09-24,22
2013-09-25,25
2013-09-26,26
2013-09-27,26
2013-09-28,23
2013-09-29,22
2013-09-30,21
2013-10-01,20
2013-10-02,24
2013-10-03,22
2013-10-04,24
2013-10-05,23
2013-10-06,21
2013-10-07,24
2013-10-08,21
2013-10-09,24
2013-10-10,23
2013-10-11,23
2013-10-12,23
2013-10-13,19
2013-10-14,15
2013-10-15,16
2013-10-16,18
2013-10-17,20
2013-10-18,17
2013-10-19,18
2013-10-20,19
2013-10-21,18
2013-10-22,16
2013-10-23,15
2013-10-24,16
2013-10-25,18
2013-10-26,19
2013-10-27,18
2013-10-28,16
2013-10-29,16
2013-10-30,17
2013-10-31,14
2013-11-01,12
2013-11-02,15
2013-11-03,17
2013-11-04,17
2013-11-05,16
2013-11-06,17
2013-11-07,16
2013-11-08,13
2013-11-09,16
2013-11-10,12
2013-11-11,14
2013-11-12,14
2013-11-13,12
2013-11-14,14
2013-11-15,15
2013-11-16,12
2013-11-17,10
2013-11-18,10
2013-11-19,10
2013-11-20,10
2013-11-21,11
2013-11-22,12
2013-11-23,12
2013-11-24,9
2013-11-25,8
2013-11-26,7
2013-11-27,0
2013-11-28,6
2013-11-29,11
2013-11-30,10
2013-12-01,11
2013-12-02,11
2013-12-03,14
2013-12-04,12
2013-12-05,12
2013-12-06,11
2013-12-07,9
2013-12-08,10
2013-12-09,7
2013-12-10,7
2013-12-11,6
2013-12-12,3
2013-12-13,5
2013-12-14,5
2013-12-15,5
2013-12-16,2
2013-12-17,2
2013-12-18,3
2013-12-19,1
2013-12-20,3
2013-12-21,2
2013-12-22,3
2013-12-23,4
2013-12-24,4
2013-12-25,6
2013-12-26,2
2013-12-27,1
2013-12-28,3
2013-12-29,6
2013-12-30,8
2013-12-31,8
2014-01-01,10
2014-01-02,8
2014-01-03,9
2014-01-04,3
2014-01-05,6
2014-01-06,2
2014-01-07,6
2014-01-08,0
2014-01-09,1
2014-01-10,4
2014-01-11,4
2014-01-12,2
2014-01-13,2
2014-01-14,4
2014-01-15,3
2014-01-16,5
2014-01-17,4
2014-01-18,6
2014-01-19,6
2014-01-20,3
2014-01-21,5
2014-01-22,5
2014-01-23,4
2014-01-24,8
2014-01-25,8
2014-01-26,4
2014-01-27,10
2014-01-28,6
2014-01-29,5
2014-01-30,7
2014-01-31,4
2014-02-01,6
2014-02-02,9
2014-02-03,1
2014-02-04,1
2014-02-05,1
2014-02-06,0
2014-02-07,-2
2014-02-08,0
2014-02-09,-2
2014-02-10,0
2014-02-11,0
2014-02-12,2
2014-02-13,0
2014-02-14,2
2014-02-15,3
2014-02-16,5
2014-02-17,4
2014-02-18,2
2014-02-19,5
2014-02-20,4
2014-02-21,3
2014-02-22,4
2014-02-23,4
2014-02-24,7
2014-02-25,9
2014-02-26,9
2014-02-27,9
2014-02-28,5
2014-03-01,10
2014-03-02,10
2014-03-03,6
2014-03-04,8
2014-03-05,9
2014-03-06,7
2014-03-07,8
2014-03-08,8
2014-03-09,10
2014-03-10,11
2014-03-11,12
2014-03-12,10
2014-03-13,13
2014-03-14,16
2014-03-15,19
2014-03-16,17
2014-03-17,19
2014-03-18,16
2014-03-19,12
2014-03-20,17
2014-03-21,20
2014-03-22,23
2014-03-23,20
2014-03-24,22
2014-03-25,23
2014-03-26,22
2014-03-27,21
2014-03-28,21
2014-03-29,22
2014-03-30,24
2014-03-31,20
2014-04-01,23
2014-04-02,22
2014-04-03,20
2014-04-04,24
2014-04-05,21
2014-04-06,26
2014-04-07,27
2014-04-08,25
2014-04-09,28
2014-04-10,18
2014-04-11,18
2014-04-12,22
2014-04-13,23
2014-04-14,24
2014-04-15,24
2014-04-16,21
2014-04-17,17
2014-04-18,20
2014-04-19,16
2014-04-20,22
2014-04-21,25
2014-04-22,27
2014-04-23,27
2014-04-24,23
2014-04-25,25
2014-04-26,23
2014-04-27,26
2014-04-28,25
2014-04-29,28
2014-04-30,29
2014-05-01,27
2014-05-02,23
2014-05-03,24
2014-05-04,19
2014-05-05,21
2014-05-06,21
2014-05-07,25
2014-05-08,23
2014-05-09,20
2014-05-10,20
2014-05-11,15
2014-05-12,29
2014-05-13,30
2014-05-14,24
2014-05-15,28
2014-05-16,28
2014-05-17,28
2014-05-18,30
2014-05-19,31
2014-05-20,31
2014-05-21,31
2014-05-22,35
2014-05-23,33
2014-05-24,25
2014-05-25,30
2014-05-26,35
2014-05-27,33
2014-05-28,37
2014-05-29,38
2014-05-30,37
2014-05-31,34
2014-06-01,29
2014-06-02,27
2014-06-03,32
2014-06-04,31
2014-06-05,33
2014-06-06,27
2014-06-07,31
2014-06-08,30
2014-06-09,31
2014-06-10,29
2014-06-11,29
2014-06-12,34
2014-06-13,32
2014-06-14,32
2014-06-15,34
2014-06-16,29
2014-06-17,28
2014-06-18,30
2014-06-19,28
2014-06-20,27
2014-06-21,27
2014-06-22,28
2014-06-23,32
2014-06-24,32
2014-06-25,28
2014-06-26,31
2014-06-27,35
2014-06-28,37
2014-06-29,35
2014-06-30,33
2014-07-01,32
2014-07-02,27
2014-07-03,29
2014-07-04,31
2014-07-05,32
2014-07-06,31
2014-07-07,32
2014-07-08,34
2014-07-09,32
2014-07-10,37
2014-07-11,36
2014-07-12,34
2014-07-13,36
2014-07-14,36
2014-07-15,35
2014-07-16,32
2014-07-17,31
2014-07-18,35
2014-07-19,36
2014-07-20,36
2014-07-21,32
2014-07-22,31
2014-07-23,33
2014-07-24,30
2014-07-25,34
2014-07-26,35
2014-07-27,35
2014-07-28,35
2014-07-29,33
2014-07-30,29
2014-07-31,32
2014-08-01,32
2014-08-02,33
2014-08-03,34
2014-08-04,29
2014-08-05,31
2014-08-06,34
2014-08-07,32
2014-08-08,31
2014-08-09,31
2014-08-10,32
2014-08-11,33
2014-08-12,32
2014-08-13,24
2014-08-14,31
2014-08-15,32
2014-08-16,32
2014-08-17,30
2014-08-18,30
2014-08-19,32
2014-08-20,34
2014-08-21,32
2014-08-22,30
2014-08-23,31
2014-08-24,31
2014-08-25,32
2014-08-26,33
2014-08-27,34
2014-08-28,27
2014-08-29,27
2014-08-30,27
2014-08-31,26
2014-09-01,25
2014-09-02,23
2014-09-03,29
2014-09-04,33
2014-09-05,30
2014-09-06,28
2014-09-07,29
2014-09-08,30
2014-09-09,29
2014-09-10,28
2014-09-11,27
2014-09-12,26
2014-09-13,26
2014-09-14,25
2014-09-15,27
2014-09-16,25
2014-09-17,23
2014-09-18,26
2014-09-19,25
2014-09-20,27
2014-09-21,24
2014-09-22,24
2014-09-23,20
2014-09-24,24
2014-09-25,23
2014-09-26,22
2014-09-27,24
2014-09-28,23
2014-09-29,23
2014-09-30,17
2014-10-01,16
2014-10-02,20
2014-10-03,17
2014-10-04,16
2014-10-05,21
2014-10-06,20
2014-10-07,22
2014-10-08,22
2014-10-09,22
2014-10-10,22
2014-10-11,21
2014-10-12,17
2014-10-13,18
2014-10-14,20
2014-10-15,23
2014-10-16,22
2014-10-17,22
2014-10-18,24
2014-10-19,21
2014-10-20,21
2014-10-21,17
2014-10-22,16
2014-10-23,17
2014-10-24,19
2014-10-25,19
2014-10-26,19
2014-10-27,15
2014-10-28,16
2014-10-29,16
2014-10-30,15
2014-10-31,14
2014-11-01,17
2014-11-02,13
2014-11-03,17
2014-11-04,16
2014-11-05,18
2014-11-06,12
2014-11-07,10
2014-11-08,12
2014-11-09,14
2014-11-10,15
2014-11-11,13
2014-11-12,9
2014-11-13,11
2014-11-14,12
2014-11-15,9
2014-11-16,11
2014-11-17,11
2014-11-18,13
2014-11-19,10
2014-11-20,12
2014-11-21,12
2014-11-22,11
2014-11-23,9
2014-11-24,11
2014-11-25,9
2014-11-26,8
2014-11-27,8
2014-11-28,9
2014-11-29,7
2014-11-30,7
2014-12-01,-1
2014-12-02,2
2014-12-03,1
2014-12-04,3
2014-12-05,4
2014-12-06,4
2014-12-07,5
2014-12-08,5
2014-12-09,2
2014-12-10,5
2014-12-11,3
2014-12-12,3
2014-12-13,4
2014-12-14,3
2014-12-15,5
2014-12-16,1
2014-12-17,5
2014-12-18,5
2014-12-19,5
2014-12-20,3
2014-12-21,3
2014-12-22,6
2014-12-23,8
2014-12-24,5
2014-12-25,6
2014-12-26,5
2014-12-27,6
2014-12-28,7
2014-12-29,11
2014-12-30,6
2014-12-31,0
2015-01-01,3
2015-01-02,8
2015-01-03,8
2015-01-04,6
2015-01-05,9
2015-01-06,6
2015-01-07,3
2015-01-08,5
2015-01-09,7
2015-01-10,9
2015-01-11,5
2015-01-12,4
2015-01-13,4
2015-01-14,2
2015-01-15,3
2015-01-16,4
2015-01-17,4
2015-01-18,6
2015-01-19,6
2015-01-20,5
2015-01-21,5
2015-01-22,6
2015-01-23,7
2015-01-24,3
2015-01-25,4
2015-01-26,4
2015-01-27,2
2015-01-28,0
2015-01-29,4
2015-01-30,3
2015-01-31,4
2015-02-01,2
2015-02-02,3
2015-02-03,8
2015-02-04,6
2015-02-05,8
2015-02-06,9
2015-02-07,4
2015-02-08,3
2015-02-09,7
2015-02-10,11
2015-02-11,8
2015-02-12,7
2015-02-13,10
2015-02-14,11
2015-02-15,10
2015-02-16,11
2015-02-17,12
2015-02-18,10
2015-02-19,8
2015-02-20,4
2015-02-21,7
2015-02-22,5
2015-02-23,6
2015-02-24,5
2015-02-25,6
2015-02-26,5
2015-02-27,3
2015-02-28,3
2015-03-01,10
2015-03-02,12
2015-03-03,4
2015-03-04,6
2015-03-05,8
2015-03-06,11
2015-03-07,11
2015-03-08,13
2015-03-09,5
2015-03-10,9
2015-03-11,11
2015-03-12,12
2015-03-13,13
2015-03-14,13
2015-03-15,16
2015-03-16,18
2015-03-17,15
2015-03-18,15
2015-03-19,20
2015-03-20,20
2015-03-21,19
2015-03-22,13
2015-03-23,17
2015-03-24,18
2015-03-25,18
2015-03-26,20
2015-03-27,21
2015-03-28,22
2015-03-29,22
2015-03-30,22
2015-03-31,14
2015-04-01,12
2015-04-02,13
2015-04-03,16
2015-04-04,15
2015-04-05,17
2015-04-06,13
2015-04-07,14
2015-04-08,14
2015-04-09,18
2015-04-10,20
2015-04-11,16
2015-04-12,9
2015-04-13,18
2015-04-14,24
2015-04-15,25
2015-04-16,20
2015-04-17,25
2015-04-18,17
2015-04-19,21
2015-04-20,22
2015-04-21,27
2015-04-22,27
2015-04-23,29
2015-04-24,27
2015-04-25,32
2015-04-26,31
2015-04-27,29
2015-04-28,25
2015-04-29,27
2015-04-30,29
2015-05-01,25
2015-05-02,25
2015-05-03,25
2015-05-04,25
2015-05-05,27
2015-05-06,23
2015-05-07,25
2015-05-08,21
2015-05-09,16
2015-05-10,13
2015-05-11,20
2015-05-12,29
2015-05-13,31
2015-05-14,28
2015-05-15,25
2015-05-16,29
2015-05-17,30
2015-05-18,29
2015-05-19,28
2015-05-20,29
2015-05-21,30
2015-05-22,31
2015-05-23,32
2015-05-24,33
2015-05-25,35
2015-05-26,35
2015-05-27,32
2015-05-28,32
2015-05-29,27
2015-05-30,31
2015-05-31,35
2015-06-01,34
2015-06-02,33
2015-06-03,32
2015-06-04,28
2015-06-05,32
2015-06-06,32
2015-06-07,29
2015-06-08,32
2015-06-09,29
2015-06-10,28
2015-06-11,30
2015-06-12,29
2015-06-13,28
2015-06-14,32
2015-06-15,32
2015-06-16,31
2015-06-17,31
2015-06-18,31
2015-06-19,26
2015-06-20,32
2015-06-21,32
2015-06-22,31
2015-06-23,30
2015-06-24,30
2015-06-25,28
2015-06-26,30
2015-06-27,31
2015-06-28,31
2015-06-29,28
2015-06-30,29
2015-07-01,33
2015-07-02,34
2015-07-03,33
2015-07-04,29
2015-07-05,30
2015-07-06,31
2015-07-07,33
2015-07-08,34
2015-07-09,33
2015-07-10,31
2015-07-11,34
2015-07-12,38
2015-07-13,39
2015-07-14,37
2015-07-15,30
2015-07-16,28
2015-07-17,28
2015-07-18,26
2015-07-19,26
2015-07-20,28
2015-07-21,29
2015-07-22,29
2015-07-23,32
2015-07-24,31
2015-07-25,33
2015-07-26,33
2015-07-27,31
2015-07-28,29
2015-07-29,29
2015-07-30,29
2015-07-31,29
2015-08-01,31
2015-08-02,31
2015-08-03,30
2015-08-04,32
2015-08-05,30
2015-08-06,31
2015-08-07,32
2015-08-08,32
2015-08-09,33
2015-08-10,33
2015-08-11,34
2015-08-12,35
2015-08-13,35
2015-08-14,32
2015-08-15,34
2015-08-16,35
2015-08-17,31
2015-08-18,31
2015-08-19,28
2015-08-20,33
2015-08-21,32
2015-08-22,30
2015-08-23,28
2015-08-24,30
2015-08-25,30
2015-08-26,31
2015-08-27,31
2015-08-28,32
2015-08-29,29
2015-08-30,27
2015-08-31,25
2015-09-01,25
2015-09-02,29
2015-09-03,31
2015-09-04,24
2015-09-05,22
2015-09-06,27
2015-09-07,29
2015-09-08,27
2015-09-09,23
2015-09-10,22
2015-09-11,22
2015-09-12,26
2015-09-13,28
2015-09-14,26
2015-09-15,26
2015-09-16,27
2015-09-17,27
2015-09-18,28
2015-09-19,27
2015-09-20,28
2015-09-21,27
2015-09-22,26
2015-09-23,26
2015-09-24,26
2015-09-25,26
2015-09-26,26
2015-09-27,26
2015-09-28,17
2015-09-29,17
2015-09-30,20
2015-10-01,22
2015-10-02,26
2015-10-03,25
2015-10-04,25
2015-10-05,26
2015-10-06,25
2015-10-07,25
2015-10-08,19
2015-10-09,20
2015-10-10,17
2015-10-11,22
2015-10-12,23
2015-10-13,26
2015-10-14,22
2015-10-15,25
2015-10-16,25
2015-10-17,23
2015-10-18,20
2015-10-19,21
2015-10-20,14
2015-10-21,12
2015-10-22,11
2015-10-23,18
2015-10-24,18
2015-10-25,15
2015-10-26,15
2015-10-27,17
2015-10-28,15
2015-10-29,12
2015-10-30,13
2015-10-31,15
2015-11-01,17
2015-11-02,19
2015-11-03,17
2015-11-04,16
2015-11-05,11
2015-11-06,4
2015-11-07,7
2015-11-08,10
2015-11-09,13
2015-11-10,8
2015-11-11,8
2015-11-12,9
2015-11-13,9
2015-11-14,10
2015-11-15,12
2015-11-16,9
2015-11-17,11
2015-11-18,6
2015-11-19,5
2015-11-20,3
2015-11-21,1
2015-11-22,-1
2015-11-23,0
2015-11-24,-2
2015-11-25,-1
2015-11-26,0
2015-11-27,0
2015-11-28,2
2015-11-29,4
2015-11-30,4
2015-12-01,2
2015-12-02,4
2015-12-03,2
2015-12-04,6
2015-12-05,6
2015-12-06,4
2015-12-07,4
2015-12-08,4
2015-12-09,3
2015-12-10,9
2015-12-11,5
2015-12-12,5
2015-12-13,4
2015-12-14,7
2015-12-15,4
2015-12-16,2
2015-12-17,4
2015-12-18,6
2015-12-19,3
2015-12-20,4
2015-12-21,5
2015-12-22,4
2015-12-23,6
2015-12-24,5
2015-12-25,4
2015-12-26,3
2015-12-27,-1
2015-12-28,2
2015-12-29,4
2015-12-30,5
2015-12-31,4
2016-01-01,5
2016-01-02,7
2016-01-03,4
2016-01-04,2
2016-01-05,1
2016-01-06,3
2016-01-07,2
2016-01-08,2
2016-01-09,3
2016-01-10,1
2016-01-11,-1
2016-01-12,0
2016-01-13,2
2016-01-14,3
2016-01-15,2
2016-01-16,-1
2016-01-17,-2
2016-01-18,-4
2016-01-19,-2
2016-01-20,-2
2016-01-21,-2
2016-01-22,-6
2016-01-23,-11
2016-01-24,-3
2016-01-25,3
2016-01-26,2
2016-01-27,3
2016-01-28,4
2016-01-29,0
2016-01-30,-3
2016-01-31,1
2016-02-01,4
2016-02-02,5
2016-02-03,6
2016-02-04,4
2016-02-05,4
2016-02-06,6
2016-02-07,8
2016-02-08,12
2016-02-09,10
2016-02-10,9
2016-02-11,6
2016-02-12,10
2016-02-13,4
2016-02-14,1
2016-02-15,5
2016-02-16,8
2016-02-17,9
2016-02-18,9
2016-02-19,8
2016-02-20,4
2016-02-21,6
2016-02-22,8
2016-02-23,4
2016-02-24,7
2016-02-25,6
2016-02-26,8
2016-02-27,7
2016-02-28,8
2016-02-29,5
2016-03-01,10
2016-03-02,17
2016-03-03,17
2016-03-04,12
2016-03-05,12
2016-03-06,11
2016-03-07,12
2016-03-08,6
2016-03-09,5
2016-03-10,7
2016-03-11,8
2016-03-12,9
2016-03-13,12
2016-03-14,15
2016-03-15,15
2016-03-16,17
2016-03-17,18
2016-03-18,21
2016-03-19,16
2016-03-20,16
2016-03-21,20
2016-03-22,14
2016-03-23,15
2016-03-24,15
2016-03-25,15
2016-03-26,19
2016-03-27,21
2016-03-28,22
2016-03-29,22
2016-03-30,22
2016-03-31,24
2016-04-01,23
2016-04-02,18
2016-04-03,18
2016-04-04,22
2016-04-05,24
2016-04-06,22
2016-04-07,24
2016-04-08,25
2016-04-09,26
2016-04-10,19
2016-04-11,17
2016-04-12,20
2016-04-13,26
2016-04-14,24
2016-04-15,23
2016-04-16,22
2016-04-17,20
2016-04-18,21
2016-04-19,15
2016-04-20,26
2016-04-21,30
2016-04-22,25
2016-04-23,23
2016-04-24,27
2016-04-25,29
2016-04-26,24
2016-04-27,18
2016-04-28,26
2016-04-29,28
2016-04-30,31
2016-05-01,32
2016-05-02,22
2016-05-03,27
2016-05-04,28
2016-05-05,27
2016-05-06,25
2016-05-07,26
2016-05-08,27
2016-05-09,22
2016-05-10,27
2016-05-11,29
2016-05-12,23
2016-05-13,25
2016-05-14,15
2016-05-15,24
2016-05-16,30
2016-05-17,31
2016-05-18,28
2016-05-19,29
2016-05-20,30
2016-05-21,30
2016-05-22,29
2016-05-23,24
2016-05-24,29
2016-05-25,30
2016-05-26,30
2016-05-27,31
2016-05-28,30
2016-05-29,31
2016-05-30,34
2016-05-31,29
2016-06-01,30
2016-06-02,31
2016-06-03,29
2016-06-04,29
2016-06-05,30
2016-06-06,31
2016-06-07,25
2016-06-08,31
2016-06-09,32
2016-06-10,32
2016-06-11,30
2016-06-12,32
2016-06-13,25
2016-06-14,26
2016-06-15,30
2016-06-16,34
2016-06-17,32
2016-06-18,32
2016-06-19,35
2016-06-20,33
2016-06-21,33
2016-06-22,35
2016-06-23,35
2016-06-24,33
2016-06-25,35
2016-06-26,36
2016-06-27,33
2016-06-28,27
2016-06-29,29
2016-06-30,31
2016-07-01,30
2016-07-02,32
2016-07-03,31
2016-07-04,30
2016-07-05,32
2016-07-06,32
2016-07-07,33
2016-07-08,32
2016-07-09,34
2016-07-10,36
2016-07-11,36
2016-07-12,32
2016-07-13,35
2016-07-14,31
2016-07-15,28
2016-07-16,29
2016-07-17,31
2016-07-18,33
2016-07-19,26
2016-07-20,24
2016-07-21,29
2016-07-22,32
2016-07-23,33
2016-07-24,33
2016-07-25,29
2016-07-26,33
2016-07-27,34
2016-07-28,33
2016-07-29,32
2016-07-30,30
2016-07-31,32
2016-08-01,32
2016-08-02,33
2016-08-03,34
2016-08-04,33
2016-08-05,32
2016-08-06,33
2016-08-07,29
2016-08-08,30
2016-08-09,31
2016-08-10,33
2016-08-11,33
2016-08-12,31
2016-08-13,33
2016-08-14,32
2016-08-15,30
2016-08-16,31
2016-08-17,29
2016-08-18,25
2016-08-19,32
2016-08-20,32
2016-08-21,32
2016-08-22,31
2016-08-23,30
2016-08-24,32
2016-08-25,31
2016-08-26,29
2016-08-27,31
2016-08-28,31
2016-08-29,31
2016-08-30,30
2016-08-31,33
2016-09-01,27
2016-09-02,28
2016-09-03,30
2016-09-04,29
2016-09-05,31
2016-09-06,30
2016-09-07,30
2016-09-08,31
2016-09-09,31
2016-09-10,30
2016-09-11,23
2016-09-12,27
2016-09-13,27
2016-09-14,30
2016-09-15,30
2016-09-16,30
2016-09-17,25
2016-09-18,21
2016-09-19,25
2016-09-20,26
2016-09-21,24
2016-09-22,26
2016-09-23,27
2016-09-24,29
2016-09-25,27
2016-09-26,24
2016-09-27,23
2016-09-28,20
2016-09-29,22
2016-09-30,24
2016-10-01,25
2016-10-02,26
2016-10-03,28
2016-10-04,22
2016-10-05,24
2016-10-06,17
2016-10-07,16
2016-10-08,19
2016-10-09,18
2016-10-10,19
2016-10-11,20
2016-10-12,19
2016-10-13,22
2016-10-14,23
2016-10-15,17
2016-10-16,21
2016-10-17,21
2016-10-18,22
2016-10-19,22
2016-10-20,15
2016-10-21,13
2016-10-22,14
2016-10-23,15
2016-10-24,14
2016-10-25,17
2016-10-26,15
2016-10-27,11
2016-10-28,13
2016-10-29,11
2016-10-30,13
2016-10-31,6
2016-11-01,8
2016-11-02,12
2016-11-03,15
2016-11-04,15
2016-11-05,17
2016-11-06,10
2016-11-07,12
2016-11-08,10
2016-11-09,10
2016-11-10,8
2016-11-11,11
2016-11-12,12
2016-11-13,11
2016-11-14,13
2016-11-15,11
2016-11-16,11
2016-11-17,7
2016-11-18,10
2016-11-19,14
2016-11-20,5
2016-11-21,0
2016-11-22,0
2016-11-23,3
2016-11-24,4
2016-11-25,5
2016-11-26,8
2016-11-27,8
2016-11-28,8
2016-11-29,4
2016-11-30,9
2016-12-01,9
2016-12-02,9
2016-12-03,8
2016-12-04,9
2016-12-05,6
2016-12-06,6
2016-12-07,8
2016-12-08,9
2016-12-09,5
2016-12-10,5
2016-12-11,4
2016-12-12,6
2016-12-13,4
2016-12-14,2
2016-12-15,6
2016-12-16,6
2016-12-17,6
2016-12-18,7
2016-12-19,8
2016-12-20,5
2016-12-21,3
2016-12-22,6
2016-12-23,3
2016-12-24,4
2016-12-25,3
2016-12-26,4
2016-12-27,3
2016-12-28,4
2016-12-29,4
2016-12-30,2
2016-12-31,3
2017-01-01,6
2017-01-02,6
2017-01-03,5
2017-01-04,6
2017-01-05,2
2017-01-06,4
2017-01-07,3
2017-01-08,5
2017-01-09,4
2017-01-10,4
2017-01-11,5
2017-01-12,6
2017-01-13,4
2017-01-14,3
2017-01-15,0
2017-01-16,1
2017-01-17,3
2017-01-18,2
2017-01-19,2
2017-01-20,1
2017-01-21,0
2017-01-22,0
2017-01-23,1
2017-01-24,3
2017-01-25,4
2017-01-26,8
2017-01-27,6
2017-01-28,4
2017-01-29,0
2017-01-30,1
2017-01-31,5
2017-02-01,4
2017-02-02,5
2017-02-03,7
2017-02-04,8
2017-02-05,9
2017-02-06,5
2017-02-07,2
2017-02-08,4
2017-02-09,3
2017-02-10,4
2017-02-11,7
2017-02-12,10
2017-02-13,11
2017-02-14,7
2017-02-15,8
2017-02-16,10
2017-02-17,5
2017-02-18,8
2017-02-19,15
2017-02-20,6
2017-02-21,1
2017-02-22,6
2017-02-23,8
2017-02-24,11
2017-02-25,13
2017-02-26,13
2017-02-27,14
2017-02-28,15
2017-03-01,7
2017-03-02,13
2017-03-03,14
2017-03-04,13
2017-03-05,11
2017-03-06,9
2017-03-07,8
2017-03-08,13
2017-03-09,15
2017-03-10,17
2017-03-11,20
2017-03-12,13
2017-03-13,14
2017-03-14,16
2017-03-15,16
2017-03-16,17
2017-03-17,17
2017-03-18,20
2017-03-19,17
2017-03-20,12
2017-03-21,15
2017-03-22,15
2017-03-23,10
2017-03-24,4
2017-03-25,13
2017-03-26,15
2017-03-27,15
2017-03-28,16
2017-03-29,20
2017-03-30,15
2017-03-31,17
2017-04-01,22
2017-04-02,23
2017-04-03,25
2017-04-04,21
2017-04-05,19
2017-04-06,24
2017-04-07,20
2017-04-08,19
2017-04-09,19
2017-04-10,20
2017-04-11,22
2017-04-12,25
2017-04-13,21
2017-04-14,26
2017-04-15,31
2017-04-16,27
2017-04-17,27
2017-04-18,23
2017-04-19,18
2017-04-20,23
2017-04-21,22
2017-04-22,27
2017-04-23,25
2017-04-24,24
2017-04-25,19
2017-04-26,24
2017-04-27,28
2017-04-28,30
2017-04-29,34
2017-04-30,29
2017-05-01,28
2017-05-02,29
2017-05-03,28
2017-05-04,26
2017-05-05,21
2017-05-06,29
2017-05-07,30
2017-05-08,30
2017-05-09,29
2017-05-10,30
2017-05-11,32
2017-05-12,30
2017-05-13,28
2017-05-14,27
2017-05-15,28
2017-05-16,32
2017-05-17,34
2017-05-18,35
2017-05-19,36
2017-05-20,35
2017-05-21,31
2017-05-22,18
2017-05-23,19
2017-05-24,33
2017-05-25,31
2017-05-26,31
2017-05-27,34
2017-05-28,36
2017-05-29,27
2017-05-30,25
2017-05-31,33
2017-06-01,31
2017-06-02,24
2017-06-03,28
2017-06-04,31
2017-06-05,29
2017-06-06,20
2017-06-07,31
2017-06-08,35
2017-06-09,37
2017-06-10,30
2017-06-11,31
2017-06-12,27
2017-06-13,28
2017-06-14,36
2017-06-15,37
2017-06-16,37
2017-06-17,35
2017-06-18,34
2017-06-19,30
2017-06-20,33
2017-06-21,30
2017-06-22,23
2017-06-23,23
2017-06-24,26
2017-06-25,29
2017-06-26,34
2017-06-27,34
2017-06-28,35
2017-06-29,35
2017-06-30,35
2017-07-01,36
2017-07-02,36
2017-07-03,35
2017-07-04,27
2017-07-05,31
2017-07-06,26
2017-07-07,31
2017-07-08,34
2017-07-09,34
2017-07-10,34
2017-07-11,36
2017-07-12,36
2017-07-13,36
2017-07-14,34
2017-07-15,32
2017-07-16,34
2017-07-17,34
2017-07-18,31
2017-07-19,32
2017-07-20,33
2017-07-21,27
2017-07-22,28
2017-07-23,27
2017-07-24,29
2017-07-25,30
2017-07-26,24
2017-07-27,30
2017-07-28,30
2017-07-29,31
2017-07-30,30
2017-07-31,31
2017-08-01,31
2017-08-02,29
2017-08-03,35
2017-08-04,36
2017-08-05,32
2017-08-06,34
2017-08-07,36
2017-08-08,34
2017-08-09,30
2017-08-10,32
2017-08-11,31
2017-08-12,31
2017-08-13,28
2017-08-14,30
2017-08-15,30
2017-08-16,28
2017-08-17,29
2017-08-18,29
2017-08-19,29
2017-08-20,30
2017-08-21,32
2017-08-22,30
2017-08-23,32
2017-08-24,33
2017-08-25,32
2017-08-26,29
2017-08-27,18
2017-08-28,28
2017-08-29,26
2017-08-30,27
2017-08-31,26
2017-09-01,27
2017-09-02,27
2017-09-03,29
2017-09-04,28
2017-09-05,30
2017-09-06,31
2017-09-07,31
2017-09-08,31
2017-09-09,29
2017-09-10,27
2017-09-11,29
2017-09-12,29
2017-09-13,29
2017-09-14,29
2017-09-15,27
2017-09-16,28
2017-09-17,29
2017-09-18,30
2017-09-19,30
2017-09-20,27
2017-09-21,29
2017-09-22,28
2017-09-23,27
2017-09-24,29
2017-09-25,28
2017-09-26,23
2017-09-27,23
2017-09-28,22
2017-09-29,25
2017-09-30,26
2017-10-01,26
2017-10-02,18
2017-10-03,20
2017-10-04,22
2017-10-05,21
2017-10-06,22
2017-10-07,19
2017-10-08,18
2017-10-09,15
2017-10-10,11
2017-10-11,16
2017-10-12,14
2017-10-13,18
2017-10-14,13
2017-10-15,17
2017-10-16,18
2017-10-17,16
2017-10-18,15
2017-10-19,18
2017-10-20,20
2017-10-21,18
2017-10-22,13
2017-10-23,16
2017-10-24,18
2017-10-25,15
2017-10-26,16
2017-10-27,18
2017-10-28,16
2017-10-29,12
2017-10-30,15
2017-10-31,16
2017-11-01,17
2017-11-02,17
2017-11-03,13
2017-11-04,14
2017-11-05,15
2017-11-06,15
2017-11-07,18
2017-11-08,15
2017-11-09,13
2017-11-10,11
2017-11-11,10
2017-11-12,11
2017-11-13,12
2017-11-14,8
2017-11-15,8
2017-11-16,8
2017-11-17,6
2017-11-18,5
2017-11-19,6
2017-11-20,9
2017-11-21,8
2017-11-22,7
2017-11-23,7
2017-11-24,7
2017-11-25,7
2017-11-26,4
2017-11-27,5
2017-11-28,7
2017-11-29,1
2017-11-30,4
2017-12-01,5
2017-12-02,6
2017-12-03,5
2017-12-04,4
2017-12-05,7
2017-12-06,8
2017-12-07,5
2017-12-08,6
2017-12-09,6
2017-12-10,4
2017-12-11,2
2017-12-12,-1
2017-12-13,0
2017-12-14,0
2017-12-15,3
2017-12-16,0
2017-12-17,5
2017-12-18,6
2017-12-19,4
2017-12-20,7
2017-12-21,7
2017-12-22,11
2017-12-23,6
2017-12-24,6
2017-12-25,5
2017-12-26,4
2017-12-27,4
2017-12-28,4
2017-12-29,2
2017-12-30,6
2017-12-31,5
2018-01-01,3
2018-01-02,3
2018-01-03,2
2018-01-04,-1
2018-01-05,3
2018-01-06,2
2018-01-07,2
2018-01-08,2
2018-01-09,2
2018-01-10,-2
2018-01-11,-1
2018-01-12,2
2018-01-13,3
2018-01-14,6
2018-01-15,2
2018-01-16,5
2018-01-17,6
2018-01-18,5
2018-01-19,7
2018-01-20,3
2018-01-21,0
2018-01-22,-3
2018-01-23,-5
2018-01-24,-4
2018-01-25,-3
2018-01-26,-3
2018-01-27,-1
2018-01-28,-1
2018-01-29,1
2018-01-30,5
2018-01-31,4
2018-02-01,5
2018-02-02,-1
2018-02-03,0
2018-02-04,2
2018-02-05,0
2018-02-06,2
2018-02-07,2
2018-02-08,3
2018-02-09,4
2018-02-10,1
2018-02-11,0
2018-02-12,5
2018-02-13,8
2018-02-14,6
2018-02-15,5
2018-02-16,5
2018-02-17,5
2018-02-18,8
2018-02-19,6
2018-02-20,6
2018-02-21,8
2018-02-22,10
2018-02-23,10
2018-02-24,3
2018-02-25,6
2018-02-26,12
2018-02-27,7
2018-02-28,9
2018-03-01,8
2018-03-02,10
2018-03-03,12
2018-03-04,10
2018-03-05,8
2018-03-06,6
2018-03-07,6
2018-03-08,7
2018-03-09,10
2018-03-10,14
2018-03-11,10
2018-03-12,15
2018-03-13,17
2018-03-14,15
2018-03-15,12
2018-03-16,10
2018-03-17,3
2018-03-18,13
2018-03-19,15
2018-03-20,10
2018-03-21,11
2018-03-22,17
2018-03-23,19
2018-03-24,22
2018-03-25,25
2018-03-26,26
2018-03-27,27
2018-03-28,25
2018-03-29,19
2018-03-30,17
2018-03-31,24
2018-04-01,25
2018-04-02,26
2018-04-03,13
2018-04-04,8
2018-04-05,8
2018-04-06,11
2018-04-07,12
2018-04-08,18
2018-04-09,20
2018-04-10,24
2018-04-11,24
2018-04-12,22
2018-04-13,12
2018-04-14,19
2018-04-15,22
2018-04-16,25
2018-04-17,25
2018-04-18,27
2018-04-19,26
2018-04-20,29
2018-04-21,16
2018-04-22,16
2018-04-23,19
2018-04-24,23
2018-04-25,25
2018-04-26,26
2018-04-27,24
2018-04-28,27
2018-04-29,29
2018-04-30,25
2018-05-01,24
2018-05-02,25
2018-05-03,24
2018-05-04,27
2018-05-05,25
2018-05-06,28
2018-05-07,28
2018-05-08,27
2018-05-09,29
2018-05-10,26
2018-05-11,23
2018-05-12,28
2018-05-13,30
2018-05-14,34
2018-05-15,30
2018-05-16,30
2018-05-17,25
2018-05-18,28
2018-05-19,28
2018-05-20,24
2018-05-21,25
2018-05-22,25
2018-05-23,28
2018-05-24,31
2018-05-25,32
2018-05-26,30
2018-05-27,32
2018-05-28,30
2018-05-29,31
2018-05-30,33
2018-05-31,35
2018-06-01,35
2018-06-02,35
2018-06-03,32
2018-06-04,35
2018-06-05,38
2018-06-06,36
2018-06-07,33
2018-06-08,32
2018-06-09,23
2018-06-10,27
2018-06-11,29
2018-06-12,32
2018-06-13,28
2018-06-14,31
2018-06-15,32
2018-06-16,30
2018-06-17,28
2018-06-18,31
2018-06-19,33
2018-06-20,35
2018-06-21,35
2018-06-22,30
2018-06-23,35
2018-06-24,36
2018-06-25,34
2018-06-26,36
2018-06-27,38
2018-06-28,35
2018-06-29,38
2018-06-30,37
2018-07-01,35
2018-07-02,32
2018-07-03,32
2018-07-04,36
2018-07-05,36
2018-07-06,34
2018-07-07,29
2018-07-08,30
2018-07-09,29
2018-07-10,30
2018-07-11,25
2018-07-12,27
2018-07-13,29
2018-07-14,31
2018-07-15,32
2018-07-16,30
2018-07-17,26
2018-07-18,32
2018-07-19,29
2018-07-20,33
2018-07-21,34
2018-07-22,33
2018-07-23,32
2018-07-24,28
2018-07-25,34
2018-07-26,34
2018-07-27,32
2018-07-28,33
2018-07-29,33
2018-07-30,34
2018-07-31,35
2018-08-01,36
2018-08-02,36
2018-08-03,36
2018-08-04,36
2018-08-05,35
2018-08-06,30
2018-08-07,30
2018-08-08,30
2018-08-09,30
2018-08-10,33
2018-08-11,31
2018-08-12,30
2018-08-13,30
2018-08-14,29
2018-08-15,32
2018-08-16,31
2018-08-17,31
2018-08-18,28
2018-08-19,28
2018-08-20,32
2018-08-21,33
2018-08-22,29
2018-08-23,31
2018-08-24,32
2018-08-25,31
2018-08-26,31
2018-08-27,30
2018-08-28,30
2018-08-29,32
2018-08-30,28
2018-08-31,29
2018-09-01,28
2018-09-02,27
2018-09-03,32
2018-09-04,30
2018-09-05,31
2018-09-06,27
2018-09-07,27
2018-09-08,27
2018-09-09,28
2018-09-10,28
2018-09-11,26
2018-09-12,29
2018-09-13,29
2018-09-14,28
2018-09-15,25
2018-09-16,25
2018-09-17,27
2018-09-18,25
2018-09-19,25
2018-09-20,27
2018-09-21,25
2018-09-22,24
2018-09-23,24
2018-09-24,23
2018-09-25,24
2018-09-26,24
2018-09-27,22
2018-09-28,24
2018-09-29,21
2018-09-30,19
2018-10-01,25
2018-10-02,24
2018-10-03,26
2018-10-04,25
2018-10-05,24
2018-10-06,20
2018-10-07,21
2018-10-08,21
2018-10-09,16
2018-10-10,17
2018-10-11,18
2018-10-12,20
2018-10-13,20
2018-10-14,20
2018-10-15,17
2018-10-16,17
2018-10-17,18
2018-10-18,18
2018-10-19,19
2018-10-20,18
2018-10-21,17
2018-10-22,19
2018-10-23,19
2018-10-24,21
2018-10-25,16
2018-10-26,14
2018-10-27,17
2018-10-28,18
2018-10-29,15
2018-10-30,16
2018-10-31,17
2018-11-01,17
2018-11-02,15
2018-11-03,16
2018-11-04,11
2018-11-05,10
2018-11-06,12
2018-11-07,12
2018-11-08,14
2018-11-09,16
2018-11-10,11
2018-11-11,14
2018-11-12,14
2018-11-13,13
2018-11-14,11
2018-11-15,10
2018-11-16,8
2018-11-17,9
2018-11-18,11
2018-11-19,10
2018-11-20,10
2018-11-21,9
2018-11-22,8
2018-11-23,7
2018-11-24,10
2018-11-25,10
2018-11-26,10
2018-11-27,9
2018-11-28,8
2018-11-29,7
2018-11-30,8
2018-12-01,7
2018-12-02,8
2018-12-03,8
2018-12-04,4
2018-12-05,0
2018-12-06,-2
2018-12-07,-5
2018-12-08,-2
2018-12-09,-1
2018-12-10,0
2018-12-11,-1
2018-12-12,1
2018-12-13,3
2018-12-14,4
2018-12-15,2
2018-12-16,7
2018-12-17,8
2018-12-18,9
2018-12-19,8
2018-12-20,6
2018-12-21,9
2018-12-22,8
2018-12-23,0
2018-12-24,2
2018-12-25,3
2018-12-26,-2
2018-12-27,-6
2018-12-28,-4
2018-12-29,-3
2018-12-30,-2
2018-12-31,-2
2019-01-01,1
2019-01-02,1
2019-01-03,2
2019-01-04,2
2019-01-05,0
2019-01-06,3
2019-01-07,2
2019-01-08,1
2019-01-09,2
2019-01-10,4
2019-01-11,5
2019-01-12,5
2019-01-13,6
2019-01-14,6
2019-01-15,-2
2019-01-16,2
2019-01-17,5
2019-01-18,6
2019-01-19,4
2019-01-20,5
2019-01-21,9
2019-01-22,10
2019-01-23,10
2019-01-24,5
2019-01-25,5
2019-01-26,5
2019-01-27,7
2019-01-28,6
2019-01-29,6
2019-01-30,3
2019-01-31,2
2019-02-01,6
2019-02-02,3
2019-02-03,7
2019-02-04,4
2019-02-05,1
2019-02-06,0
2019-02-07,-3
2019-02-08,-1
2019-02-09,0
2019-02-10,-1
2019-02-11,3
2019-02-12,-3
2019-02-13,1
2019-02-14,-3
2019-02-15,2
2019-02-16,3
2019-02-17,6
2019-02-18,4
2019-02-19,7
2019-02-20,9
2019-02-21,11
2019-02-22,10
2019-02-23,12
2019-02-24,13
2019-02-25,11
2019-02-26,10
2019-02-27,12
2019-02-28,14
2019-03-01,15
2019-03-02,15
2019-03-03,14
2019-03-04,16
2019-03-05,17
2019-03-06,11
2019-03-07,13
2019-03-08,14
2019-03-09,12
2019-03-10,13
2019-03-11,16
2019-03-12,12
2019-03-13,16
2019-03-14,16
2019-03-15,14
2019-03-16,19
2019-03-17,20
2019-03-18,21
2019-03-19,25
2019-03-20,20
2019-03-21,13
2019-03-22,15
2019-03-23,12
2019-03-24,19
2019-03-25,22
2019-03-26,19
2019-03-27,21
2019-03-28,11
2019-03-29,13
2019-03-30,12
2019-03-31,16
2019-04-01,16
2019-04-02,19
2019-04-03,21
2019-04-04,28
2019-04-05,21
2019-04-06,19
2019-04-07,19
2019-04-08,17
2019-04-09,9
2019-04-10,18
2019-04-11,19
2019-04-12,22
2019-04-13,23
2019-04-14,23
2019-04-15,26
2019-04-16,26
2019-04-17,28
2019-04-18,23
2019-04-19,20
2019-04-20,15
2019-04-21,22
2019-04-22,26
2019-04-23,27
2019-04-24,19
2019-04-25,18
2019-04-26,20
2019-04-27,15
2019-04-28,18
2019-04-29,23
2019-04-30,24
2019-05-01,28
2019-05-02,29
2019-05-03,28
2019-05-04,28
2019-05-05,23
2019-05-06,25
2019-05-07,28
2019-05-08,25
2019-05-09,30
2019-05-10,30
2019-05-11,29
2019-05-12,25
2019-05-13,26
2019-05-14,29
2019-05-15,28
2019-05-16,32
2019-05-17,31
2019-05-18,27
2019-05-19,27
2019-05-20,26
2019-05-21,32
2019-05-22,35
2019-05-23,37
2019-05-24,35
2019-05-25,35
2019-05-26,26
2019-05-27,29
2019-05-28,32
2019-05-29,33
2019-05-30,30
2019-05-31,31
2019-06-01,29
2019-06-02,32
2019-06-03,34
2019-06-04,27
2019-06-05,31
2019-06-06,26
2019-06-07,31
2019-06-08,33
2019-06-09,31
2019-06-10,33
2019-06-11,32
2019-06-12,33
2019-06-13,29
2019-06-14,35
2019-06-15,32
2019-06-16,23
2019-06-17,29
2019-06-18,33
2019-06-19,31
2019-06-20,35
2019-06-21,32
2019-06-22,34
2019-06-23,35
2019-06-24,37
2019-06-25,36
2019-06-26,35
2019-06-27,33
2019-06-28,32
2019-06-29,35
2019-06-30,33
2019-07-01,35
2019-07-02,35
2019-07-03,36
2019-07-04,38
2019-07-05,30
2019-07-06,27
2019-07-07,28
2019-07-08,30
2019-07-09,28
2019-07-10,28
2019-07-11,30
2019-07-12,34
2019-07-13,34
2019-07-14,33
2019-07-15,35
2019-07-16,32
2019-07-17,29
2019-07-18,31
2019-07-19,32
2019-07-20,31
2019-07-21,36
2019-07-22,35
2019-07-23,35
2019-07-24,36
2019-07-25,36
2019-07-26,36
2019-07-27,36
2019-07-28,35
2019-07-29,29
2019-07-30,34
2019-07-31,35
2019-08-01,32
2019-08-02,30
2019-08-03,31
2019-08-04,29
2019-08-05,28
2019-08-06,31
2019-08-07,29
2019-08-08,32
2019-08-09,31
2019-08-10,29
2019-08-11,27
2019-08-12,30
2019-08-13,32
2019-08-14,31
2019-08-15,32
2019-08-16,31
2019-08-17,32
2019-08-18,32
2019-08-19,31
2019-08-20,28
2019-08-21,31
2019-08-22,32
2019-08-23,30
2019-08-24,31
2019-08-25,30
2019-08-26,28
2019-08-27,33
2019-08-28,31
2019-08-29,30
2019-08-30,31
2019-08-31,32
2019-09-01,33
2019-09-02,34
2019-09-03,33
2019-09-04,32
2019-09-05,33
2019-09-06,33
2019-09-07,34
2019-09-08,35
2019-09-09,32
2019-09-10,24
2019-09-11,25
2019-09-12,25
2019-09-13,27
2019-09-14,29
2019-09-15,28
2019-09-16,27
2019-09-17,28
2019-09-18,25
2019-09-19,25
2019-09-20,27
2019-09-21,27
2019-09-22,27
2019-09-23,30
2019-09-24,31
2019-09-25,31
2019-09-26,30
2019-09-27,29
2019-09-28,30
2019-09-29,29
2019-09-30,30
2019-10-01,30
2019-10-02,29
2019-10-03,29
2019-10-04,15
2019-10-05,19
2019-10-06,19
2019-10-07,24
2019-10-08,20
2019-10-09,22
2019-10-10,21
2019-10-11,18
2019-10-12,18
2019-10-13,13
2019-10-14,15
2019-10-15,17
2019-10-16,15
2019-10-17,14
2019-10-18,18
2019-10-19,20
2019-10-20,22
2019-10-21,20
2019-10-22,20
2019-10-23,21
2019-10-24,16
2019-10-25,14
2019-10-26,16
2019-10-27,18
2019-10-28,15
2019-10-29,16
2019-10-30,20
2019-10-31,23
2019-11-01,17
2019-11-02,14
2019-11-03,14
2019-11-04,16
2019-11-05,17
2019-11-06,16
2019-11-07,12
2019-11-08,15
2019-11-09,14
2019-11-10,17
2019-11-11,17
2019-11-12,19
2019-11-13,8
2019-11-14,10
2019-11-15,9
2019-11-16,9
2019-11-17,11
2019-11-18,4
2019-11-19,6
2019-11-20,8
2019-11-21,8
2019-11-22,10
2019-11-23,12
2019-11-24,5
2019-11-25,3
2019-11-26,4
2019-11-27,4
2019-11-28,3
2019-11-29,2
2019-11-30,5
2019-12-01,4
2019-12-02,4
2019-12-03,8
2019-12-04,9
2019-12-05,3
2019-12-06,4
2019-12-07,6
2019-12-08,1
2019-12-09,3
2019-12-10,8
2019-12-11,5
2019-12-12,5
2019-12-13,10
2019-12-14,5
2019-12-15,3
2019-12-16,2
2019-12-17,4
2019-12-18,2
2019-12-19,2
2019-12-20,2
2019-12-21,2
2019-12-22,5
2019-12-23,2
2019-12-24,1
2019-12-25,5
2019-12-26,4
2019-12-27,4
2019-12-28,4
2019-12-29,6
2019-12-30,-4
2019-12-31,-3
2020-01-01,1
2020-01-02,3
2020-01-03,6
2020-01-04,8
2020-01-05,3
2020-01-06,3
2020-01-07,2
2020-01-08,5
2020-01-09,5
2020-01-10,6
2020-01-11,1
2020-01-12,3
2020-01-13,2
2020-01-14,1
2020-01-15,3
2020-01-16,2
2020-01-17,3
2020-01-18,3
2020-01-19,6
2020-01-20,5
2020-01-21,5
2020-01-22,6
2020-01-23,8
2020-01-24,3
2020-01-25,5
2020-01-26,5
2020-01-27,4
2020-01-28,5
2020-01-29,7
2020-01-30,6
2020-01-31,7
2020-02-01,5
2020-02-02,3
2020-02-03,3
2020-02-04,1
2020-02-05,-2
2020-02-06,-1
2020-02-07,3
2020-02-08,6
2020-02-09,10
2020-02-10,10
2020-02-11,11
2020-02-12,11
2020-02-13,9
2020-02-14,-1
2020-02-15,0
2020-02-16,4
2020-02-17,8
2020-02-18,10
2020-02-19,9
2020-02-20,6
2020-02-21,11
2020-02-22,10
2020-02-23,11
2020-02-24,10
2020-02-25,9
2020-02-26,9
2020-02-27,5
2020-02-28,9
2020-02-29,4
2020-03-01,11
2020-03-02,11
2020-03-03,8
2020-03-04,7
2020-03-05,10
2020-03-06,10
2020-03-07,14
2020-03-08,10
2020-03-09,11
2020-03-10,12
2020-03-11,14
2020-03-12,14
2020-03-13,10
2020-03-14,15
2020-03-15,17
2020-03-16,15
2020-03-17,20
2020-03-18,23
2020-03-19,17
2020-03-20,24
2020-03-21,18
2020-03-22,22
2020-03-23,23
